id,name,slug,category,product_type,price,importPrice,stock,status,rating,origin,viewCount,createdAt,author,publisher,pageCount,language,brand,model,color,condition,size,material,gender,season
0839798a-4c21-4c37-a3be-62daa7b4f4da,Giáo Trình Kiến Trúc Thiết Kế Phần Mềm,giáo-trình-kiến-trúc-0839,giao-trinh,sach-luu-tru,130000,91000.0,90,SELLING,4.8,KR,3609,2026-04-12,Nguyễn Đức An,Nhà Xuất Bản Bách Khoa,486,vi,Nhà Sách Minh Tâm,Phiên Bản Tiêu Chuẩn,BLUE,NEW,M,COTTON,UNISEX,WINTER
9442e740-7c6a-4bfd-a0f3-50e220c1985e,Giáo Trình Cấu Trúc Dữ Liệu Và Giải Thuật,giáo-trình-cấu-trúc-9442,giao-trinh,sach-luu-tru,70000,49000.0,108,SELLING,4.8,JP,730,2025-09-16,Đặng Huy Ruận,Nhà Xuất Bản Giáo Dục,464,vi,Nhà Sách Minh Tâm,Phiên Bản Tiêu Chuẩn,MULTI-COLOR,NEW,M,POLYESTER,UNISEX,SPRING
91ec1333-763d-4467-b818-925044a6da77,Giáo Trình Lập Trình Hướng Đối Tượng Java,giáo-trình-lập-trình-91ec,giao-trinh,sach-luu-tru,260000,182000.0,136,SELLING,4.5,JP,3662,2026-05-14,Đại Học Công Nghệ,Nhà Xuất Bản Giáo Dục,515,vi,Nhà Sách Minh Tâm,Phiên Bản Tiêu Chuẩn,WHITE,NEW,XL,COTTON,UNISEX,WINTER
7fb4c7ff-e9bd-4a50-bb0f-73a26ef3f8ee,Giáo Trình Cơ Sở Dữ Liệu,giáo-trình-cơ-sở-7fb4,giao-trinh,sach-luu-tru,80000,56000.0,128,NEW,0.0,KR,3352,2025-12-23,Nguyễn Kim Anh,Nhà Xuất Bản Thông Tin Truyền Thông,208,vi,Nhà Sách Minh Tâm,Phiên Bản Tiêu Chuẩn,MULTI-COLOR,NEW,S,POLYESTER,UNISEX,SUMMER
4519d16d-9514-46e7-876a-8d32ff5c5dec,Giáo Trình Mạng Máy Tính Căn Bản,giáo-trình-mạng-máy-4519,giao-trinh,sach-luu-tru,70000,49000.0,170,SELLING,4.6,VN,1675,2026-04-17,Đại Học Bách Khoa,Nhà Xuất Bản Giáo Dục,309,vi,Nhà Sách Minh Tâm,Phiên Bản Tiêu Chuẩn,MULTI-COLOR,NEW,XL,POLYESTER,UNISEX,WINTER
d2e575c2-b87e-4dfb-a52e-16276c3f86b3,Giáo Trình Phân Tích Thiết Kế Hệ Thống,giáo-trình-phân-tích-d2e5,giao-trinh,sach-luu-tru,130000,91000.0,86,SELLING,5.0,KR,610,2025-09-07,Trần Đình Quế,Nhà Xuất Bản Bách Khoa,272,vi,Nhà Sách Minh Tâm,Phiên Bản Tiêu Chuẩn,BLACK,NEW,M,COTTON,UNISEX,SPRING
3d24a0d0-7ccd-49a7-aa3e-2da4aa2c3587,Giáo Trình Trí Tuệ Nhân Tạo,giáo-trình-trí-tuệ-3d24,giao-trinh,sach-luu-tru,290000,203000.0,78,SELLING,5.0,US,438,2025-11-07,Bạch Hưng Khang,Nhà Xuất Bản Giáo Dục,335,vi,Nhà Sách Minh Tâm,Phiên Bản Tiêu Chuẩn,PINK,NEW,L,POLYESTER,UNISEX,WINTER
0d08d3d8-eb46-4372-a1fa-226290bb9178,Giáo Trình Lập Trình Web Nâng Cao,giáo-trình-lập-trình-0d08,giao-trinh,sach-luu-tru,220000,154000.0,161,SELLING,4.6,JP,3266,2025-12-18,Khoa Công Nghệ Thông Tin,Nhà Xuất Bản Thông Tin Truyền Thông,561,vi,Nhà Sách Minh Tâm,Phiên Bản Tiêu Chuẩn,RED,NEW,S,COTTON,UNISEX,SUMMER
1aabcbdd-addf-46a3-95c9-a9b84a918747,Giáo Trình Hệ Điều Hành,giáo-trình-hệ-điều-1aab,giao-trinh,sach-luu-tru,170000,118999.99999999999,99,SELLING,4.6,VN,215,2026-01-06,Nguyễn Thanh Thủy,Nhà Xuất Bản Bách Khoa,497,vi,Nhà Sách Minh Tâm,Phiên Bản Tiêu Chuẩn,GRAY,NEW,XL,LEATHER,UNISEX,AUTUMN
b1672f0b-5c06-4dff-9d0b-2af1660a0571,Giáo Trình An Toàn Bảo Mật Thông Tin,giáo-trình-an-toàn-b167,giao-trinh,sach-luu-tru,100000,70000.0,111,NEW,0.0,KR,3186,2026-03-05,Đại Học Quốc Gia,Nhà Xuất Bản Giáo Dục,292,vi,Nhà Sách Minh Tâm,Phiên Bản Tiêu Chuẩn,MULTI-COLOR,NEW,S,POLYESTER,UNISEX,AUTUMN
50e48d9f-b6fc-4c0c-a4f0-bce9bf1e95af,Số Đỏ,số-đỏ-50e4,tieu-thuyet,sach-luu-tru,100000,70000.0,191,SELLING,4.9,US,247,2025-12-06,Vũ Trọng Phụng,Nhà Xuất Bản Văn Học,261,vi,Nhà Sách Minh Tâm,Phiên Bản Tiêu Chuẩn,YELLOW,NEW,M,POLYESTER,UNISEX,SPRING
ef391201-d643-4ab3-aaa2-4e62ba86063f,Tắt Đèn,tắt-đèn-ef39,tieu-thuyet,sach-luu-tru,110000,77000.0,30,NEW,0.0,KR,1147,2025-12-12,Ngô Tất Tố,Nhà Xuất Bản Văn Học,155,vi,Nhà Sách Minh Tâm,Phiên Bản Tiêu Chuẩn,BLACK,NEW,M,LEATHER,UNISEX,SPRING
15322373-fd05-4839-a87b-f986ce562a17,Lão Hạc,lão-hạc-1532,tieu-thuyet,sach-luu-tru,140000,98000.0,49,NEW,0.0,US,1474,2026-05-27,Nam Cao,Nhà Xuất Bản Kim Đồng,318,vi,Nhà Sách Minh Tâm,Phiên Bản Tiêu Chuẩn,GREEN,NEW,XL,COTTON,UNISEX,WINTER
0d06568b-f7db-4c32-be02-c13f4adf6bcc,Tuổi Trẻ Đáng Giá Bao Nhiêu,tuổi-trẻ-đáng-giá-0d06,tieu-thuyet,sach-luu-tru,60000,42000.0,23,SELLING,5.0,KR,320,2026-01-22,Rosie Nguyễn,Nhà Xuất Bản Hội Nhà Văn,315,vi,Nhà Sách Minh Tâm,Phiên Bản Tiêu Chuẩn,GRAY,NEW,S,COTTON,UNISEX,SPRING
6e0e7606-cc30-4eca-a090-292c9a3f1b79,Tôi Thấy Hoa Vàng Trên Cỏ Xanh,tôi-thấy-hoa-vàng-6e0e,tieu-thuyet,sach-luu-tru,240000,168000.0,29,NEW,0.0,KR,2296,2025-09-21,Nguyễn Nhật Ánh,Nhà Xuất Bản Trẻ,185,vi,Nhà Sách Minh Tâm,Phiên Bản Tiêu Chuẩn,BROWN,NEW,S,LEATHER,UNISEX,WINTER
60142949-8e39-492f-8da6-0da509e335f8,Cho Tôi Xin Một Vé Đi Tuổi Thơ,cho-tôi-xin-một-6014,tieu-thuyet,sach-luu-tru,200000,140000.0,33,NEW,0.0,KR,3630,2026-05-27,Nguyễn Nhật Ánh,Nhà Xuất Bản Trẻ,577,vi,Nhà Sách Minh Tâm,Phiên Bản Tiêu Chuẩn,GREEN,NEW,S,COTTON,UNISEX,WINTER
18cd324f-9e26-43e8-8638-4c68ad6eebb9,Sapiens: Lược Sử Loài Người,sapiens-lược-sử-loài-18cd,tieu-thuyet,sach-luu-tru,260000,182000.0,66,SELLING,5.0,JP,2509,2025-11-05,Yuval Noah Harari,Nhà Xuất Bản Thế Giới,565,vi,Nhà Sách Minh Tâm,Phiên Bản Tiêu Chuẩn,PINK,NEW,XL,LEATHER,UNISEX,WINTER
4849ae5d-ed99-4b54-a38b-9dd0b5950217,Nhà Giả Kim,nhà-giả-kim-4849,tieu-thuyet,sach-luu-tru,160000,112000.0,148,SELLING,4.6,US,899,2025-12-04,Paulo Coelho,Nhà Xuất Bản Hội Nhà Văn,222,vi,Nhà Sách Minh Tâm,Phiên Bản Tiêu Chuẩn,WHITE,NEW,XL,COTTON,UNISEX,WINTER
b78190da-988e-4a00-9819-20a258da71f7,Đắc Nhân Tâm,đắc-nhân-tâm-b781,tieu-thuyet,sach-luu-tru,100000,70000.0,166,NEW,0.0,JP,3573,2025-08-21,Dale Carnegie,Nhà Xuất Bản Tổng Hợp TP.HCM,210,vi,Nhà Sách Minh Tâm,Phiên Bản Tiêu Chuẩn,MULTI-COLOR,NEW,L,COTTON,UNISEX,SUMMER
d4174a72-26a4-4ae5-94c2-29be6ec99073,Bố Già (The Godfather),bố-già-the-godfather-d417,tieu-thuyet,sach-luu-tru,150000,105000.0,44,SELLING,4.7,US,3235,2025-10-07,Mario Puzo,Nhà Xuất Bản Văn Học,482,vi,Nhà Sách Minh Tâm,Phiên Bản Tiêu Chuẩn,RED,NEW,L,LEATHER,UNISEX,SUMMER
7f6ee45e-65bb-44f5-87ea-4cde6b342b44,Doraemon Tập 1,doraemon-tập-1-7f6e,truyen-tranh,sach-luu-tru,110000,77000.0,152,NEW,0.0,JP,3389,2025-12-09,Fujiko F. Fujio,Nhà Xuất Bản Kim Đồng,161,vi,Nhà Sách Minh Tâm,Phiên Bản Tiêu Chuẩn,BLACK,NEW,XL,COTTON,UNISEX,SUMMER
6f9847f8-48ee-430a-bd42-f8d6f7752df2,Conan Thám Tử Lừng Danh Tập 100,conan-thám-tử-lừng-6f98,truyen-tranh,sach-luu-tru,260000,182000.0,138,SELLING,4.7,KR,3043,2026-03-17,Gosho Aoyama,Nhà Xuất Bản Kim Đồng,578,vi,Nhà Sách Minh Tâm,Phiên Bản Tiêu Chuẩn,RED,NEW,S,COTTON,UNISEX,SUMMER
7d71e102-da9a-40f4-9a77-d212bcdf473b,One Piece Kỷ Nguyên Hải Tặc Tập 1,one-piece-kỷ-nguyên-7d71,truyen-tranh,sach-luu-tru,290000,203000.0,158,NEW,0.0,VN,484,2025-11-08,Eiichiro Oda,Nhà Xuất Bản Kim Đồng,176,vi,Nhà Sách Minh Tâm,Phiên Bản Tiêu Chuẩn,PINK,NEW,S,COTTON,UNISEX,AUTUMN
4f106ff4-dbbc-47d1-a809-dc200759178d,Naruto Hành Trình Ninja Tập 5,naruto-hành-trình-ninja-4f10,truyen-tranh,sach-luu-tru,140000,98000.0,149,SELLING,5.0,VN,1201,2025-11-11,Masashi Kishimoto,Nhà Xuất Bản Kim Đồng,440,vi,Nhà Sách Minh Tâm,Phiên Bản Tiêu Chuẩn,YELLOW,NEW,XL,POLYESTER,UNISEX,AUTUMN
9580de30-818d-4293-8ce1-6d24021ecefe,Dragon Ball 7 Viên Ngọc Rồng Tập 1,dragon-ball-7-viên-9580,truyen-tranh,sach-luu-tru,100000,70000.0,138,NEW,0.0,JP,2278,2026-01-13,Akira Toriyama,Nhà Xuất Bản Kim Đồng,411,vi,Nhà Sách Minh Tâm,Phiên Bản Tiêu Chuẩn,YELLOW,NEW,L,COTTON,UNISEX,AUTUMN
1b12992e-6d75-468a-964a-c83a4216f46f,Thần Đồng Đất Việt Tập 10,thần-đồng-đất-việt-1b12,truyen-tranh,sach-luu-tru,150000,105000.0,34,SELLING,4.5,US,710,2026-04-03,Phan Thị,Nhà Xuất Bản Trẻ,177,vi,Nhà Sách Minh Tâm,Phiên Bản Tiêu Chuẩn,WHITE,NEW,S,LEATHER,UNISEX,AUTUMN
098a3a30-57f1-4471-86cc-ce16e91483dc,Attack on Titan Đại Chiến Titan Tập 12,attack-on-titan-đại-098a,truyen-tranh,sach-luu-tru,250000,175000.0,195,SELLING,4.7,US,3943,2025-12-23,Hajime Isayama,Nhà Xuất Bản Kim Đồng,222,vi,Nhà Sách Minh Tâm,Phiên Bản Tiêu Chuẩn,GRAY,NEW,M,POLYESTER,UNISEX,AUTUMN
46327581-e8c4-45f7-b4ea-201885881fb7,Demon Slayer Thanh Gươm Diệt Quỷ Tập 3,demon-slayer-thanh-gươm-4632,truyen-tranh,sach-luu-tru,220000,154000.0,181,NEW,0.0,JP,1740,2026-04-22,Koyoharu Gotouge,Nhà Xuất Bản Kim Đồng,395,vi,Nhà Sách Minh Tâm,Phiên Bản Tiêu Chuẩn,PINK,NEW,XL,LEATHER,UNISEX,WINTER
df72d459-229e-4dd9-8616-3ba03c7cb92a,Jujutsu Kaisen Chú Thuật Hồi Chiến Tập 1,jujutsu-kaisen-chú-thuật-df72,truyen-tranh,sach-luu-tru,190000,133000.0,108,SELLING,4.8,US,3051,2025-11-12,Gege Akutami,Nhà Xuất Bản Kim Đồng,580,vi,Nhà Sách Minh Tâm,Phiên Bản Tiêu Chuẩn,BLACK,NEW,S,LEATHER,UNISEX,SUMMER
1ddfe323-02bf-49ad-8491-73574402eac8,Slam Dunk Cao Thủ Bóng Rổ Tập 2,slam-dunk-cao-thủ-1ddf,truyen-tranh,sach-luu-tru,180000,125999.99999999999,122,SELLING,4.7,JP,3984,2026-03-06,Takehiko Inoue,Nhà Xuất Bản Kim Đồng,191,vi,Nhà Sách Minh Tâm,Phiên Bản Tiêu Chuẩn,WHITE,NEW,XL,LEATHER,UNISEX,SPRING
16b727c9-5674-4c1a-b2e0-6f0e8675eb16,Điện thoại thông minh Thăng Long Pro 15,điện-thoại-thông-minh-16b7,dien-thoai,thiet-bi-dien-tu,23000000,16099999.999999998,57,NEW,0.0,KR,1530,2025-11-27,Không Áp Dụng,Không Áp Dụng,0,vi,Thương Hiệu Ánh Dương,Phiên Bản 604,BLACK,REFURBISHED,XL,COTTON,UNISEX,SPRING
a7e8e67c-246e-4c12-b3c6-1ff5e5c17b35,Điện thoại thông minh Hoàng Gia S24,điện-thoại-thông-minh-a7e8,dien-thoai,thiet-bi-dien-tu,18000000,12600000.0,67,SELLING,4.9,JP,3918,2026-01-25,Không Áp Dụng,Không Áp Dụng,0,vi,Thương Hiệu Sông Hồng,Phiên Bản 757,BLUE,OPEN_BOX,L,COTTON,UNISEX,WINTER
1fd34e92-5d98-46d7-b9eb-abd3b4a51a25,Điện thoại thông minh Thiên Hà 14,điện-thoại-thông-minh-1fd3,dien-thoai,thiet-bi-dien-tu,13000000,9100000.0,87,SELLING,4.9,JP,4311,2026-03-20,Không Áp Dụng,Không Áp Dụng,0,vi,Thương Hiệu Trúc Mai,Phiên Bản 387,WHITE,NEW,L,LEATHER,UNISEX,AUTUMN
ce934de9-d620-46dd-8925-aec652477f69,Điện thoại thông minh Bình Minh X7,điện-thoại-thông-minh-ce93,dien-thoai,thiet-bi-dien-tu,30000000,21000000.0,58,NEW,0.0,KR,603,2025-12-22,Không Áp Dụng,Không Áp Dụng,0,vi,Thương Hiệu Bạch Liên,Phiên Bản 587,GREEN,REFURBISHED,M,POLYESTER,UNISEX,SPRING
712d2d84-4713-48e4-8cff-48ffa097c45e,Điện thoại thông minh Hùng Vương 13,điện-thoại-thông-minh-712d,dien-thoai,thiet-bi-dien-tu,37000000,25900000.0,49,NEW,0.0,VN,5625,2025-11-30,Không Áp Dụng,Không Áp Dụng,0,vi,Thương Hiệu Hồng Hà,Phiên Bản 883,RED,REFURBISHED,XL,POLYESTER,UNISEX,SPRING
65f84806-ba4e-4919-8872-ba5f9693f735,Điện thoại thông minh Đỉnh Cao A55,điện-thoại-thông-minh-65f8,dien-thoai,thiet-bi-dien-tu,12000000,8400000.0,82,NEW,0.0,CN,1634,2026-03-26,Không Áp Dụng,Không Áp Dụng,0,vi,Thương Hiệu Vạn Xuân,Phiên Bản 365,GRAY,REFURBISHED,M,LEATHER,UNISEX,SPRING
af1744cb-a130-45b9-bc3c-be4df877c846,Điện thoại thông minh Sóng Việt 11,điện-thoại-thông-minh-af17,dien-thoai,thiet-bi-dien-tu,31000000,21700000.0,16,SELLING,4.9,KR,4288,2026-01-08,Không Áp Dụng,Không Áp Dụng,0,vi,Thương Hiệu Đại Việt,Phiên Bản 322,BLACK,NEW,M,COTTON,UNISEX,SUMMER
08730013-332f-45b7-9d13-e26a78d29805,Điện thoại thông minh Mùa Xuân Note 13,điện-thoại-thông-minh-0873,dien-thoai,thiet-bi-dien-tu,11000000,7699999.999999999,28,NEW,0.0,CN,2244,2026-01-06,Không Áp Dụng,Không Áp Dụng,0,vi,Thương Hiệu Phú Quý,Phiên Bản 177,GREEN,OPEN_BOX,S,LEATHER,UNISEX,SPRING
28d916f3-e990-4ea5-a0ed-d020ca5763b4,Điện thoại thông minh Ánh Trăng Reno 11,điện-thoại-thông-minh-28d9,dien-thoai,thiet-bi-dien-tu,39000000,27300000.0,16,NEW,0.0,VN,5145,2026-02-12,Không Áp Dụng,Không Áp Dụng,0,vi,Thương Hiệu Ngọc Lan,Phiên Bản 384,PINK,OPEN_BOX,L,POLYESTER,UNISEX,AUTUMN
2cbac804-bc23-44c2-8008-c017ffee9a13,Điện thoại thông minh Trường Sơn 8,điện-thoại-thông-minh-2cba,dien-thoai,thiet-bi-dien-tu,37000000,25900000.0,77,SELLING,4.8,JP,3549,2025-12-09,Không Áp Dụng,Không Áp Dụng,0,vi,Thương Hiệu An Lạc,Phiên Bản 336,WHITE,REFURBISHED,S,COTTON,UNISEX,WINTER
43e9f79e-43e8-4734-b8c3-64e00283ef4c,Máy tính xách tay Học Tập 14,máy-tính-xách-tay-43e9,laptop,thiet-bi-dien-tu,18000000,12600000.0,58,NEW,0.0,VN,2295,2025-11-26,Không Áp Dụng,Không Áp Dụng,0,vi,Thương Hiệu Bình An,Phiên Bản 315,GRAY,OPEN_BOX,S,POLYESTER,UNISEX,SUMMER
656990ea-e80f-4df6-ba42-4da1d8cd0d0b,Máy tính xách tay Doanh Nhân 13,máy-tính-xách-tay-6569,laptop,thiet-bi-dien-tu,38000000,26600000.0,23,SELLING,4.9,JP,5506,2026-04-26,Không Áp Dụng,Không Áp Dụng,0,vi,Thương Hiệu Minh Tâm,Phiên Bản 762,BLACK,REFURBISHED,S,LEATHER,UNISEX,AUTUMN
7118998d-d0f6-469d-bf06-11e6ddd60e34,Máy tính xách tay Đồ Họa 16,máy-tính-xách-tay-7118,laptop,thiet-bi-dien-tu,8000000,5600000.0,12,NEW,0.0,CN,3059,2026-03-06,Không Áp Dụng,Không Áp Dụng,0,vi,Thương Hiệu Sơn Tùng,Phiên Bản 689,BLUE,NEW,M,COTTON,UNISEX,WINTER
bd2309cb-b88e-4f7f-a963-24fb13cabc9b,Máy tính xách tay Siêu Nhẹ 13,máy-tính-xách-tay-bd23,laptop,thiet-bi-dien-tu,43000000,30099999.999999996,32,NEW,0.0,CN,4878,2026-04-18,Không Áp Dụng,Không Áp Dụng,0,vi,Thương Hiệu Trí Tuệ,Phiên Bản 563,WHITE,OPEN_BOX,XL,POLYESTER,UNISEX,SPRING
1eaeb2a3-09a2-4d9c-a2c3-6fc0ba2b2f3e,Máy tính xách tay Chuyên Nghiệp X1,máy-tính-xách-tay-1eae,laptop,thiet-bi-dien-tu,13000000,9100000.0,49,SELLING,5.0,VN,1469,2026-03-16,Không Áp Dụng,Không Áp Dụng,0,vi,Thương Hiệu Hữu Nghị,Phiên Bản 549,BLACK,REFURBISHED,XL,POLYESTER,UNISEX,SPRING
7886feab-d4f0-452f-9c80-3500e5065675,Máy tính xách tay Hiệu Suất Cao 16,máy-tính-xách-tay-7886,laptop,thiet-bi-dien-tu,19000000,13300000.0,62,SELLING,4.9,CN,5843,2026-01-22,Không Áp Dụng,Không Áp Dụng,0,vi,Thương Hiệu Bình Minh,Phiên Bản 230,BLACK,REFURBISHED,S,POLYESTER,UNISEX,AUTUMN
6b108ed2-8ecc-4453-a8e8-614d13ee2192,Máy tính xách tay Sáng Tạo 14,máy-tính-xách-tay-6b10,laptop,thiet-bi-dien-tu,23000000,16099999.999999998,89,SELLING,4.9,VN,3244,2025-11-02,Không Áp Dụng,Không Áp Dụng,0,vi,Thương Hiệu Tuấn Phát,Phiên Bản 817,BLACK,REFURBISHED,M,COTTON,UNISEX,SPRING
48409602-8f1c-4188-b743-abd04464c4f8,Máy tính xách tay Văn Phòng 14,máy-tính-xách-tay-4840,laptop,thiet-bi-dien-tu,26000000,18200000.0,97,NEW,0.0,US,2951,2026-01-09,Không Áp Dụng,Không Áp Dụng,0,vi,Thương Hiệu Trường Thọ,Phiên Bản 540,GRAY,OPEN_BOX,L,LEATHER,UNISEX,SPRING
dbec894a-858f-4dd7-8b03-9d06cbf8d61e,Máy tính xách tay Màn Hình Đẹp 14,máy-tính-xách-tay-dbec,laptop,thiet-bi-dien-tu,19000000,13300000.0,90,SELLING,5.0,JP,3524,2025-11-20,Không Áp Dụng,Không Áp Dụng,0,vi,Thương Hiệu Thịnh Vượng,Phiên Bản 738,BLUE,OPEN_BOX,L,POLYESTER,UNISEX,SPRING
845d8877-45eb-48b4-810e-bebb59b13c1a,Máy tính xách tay Chiến Lược 15,máy-tính-xách-tay-845d,laptop,thiet-bi-dien-tu,25000000,17500000.0,37,NEW,0.0,CN,3648,2026-01-06,Không Áp Dụng,Không Áp Dụng,0,vi,Thương Hiệu An Bình,Phiên Bản 615,GRAY,NEW,L,LEATHER,UNISEX,WINTER
50d64c51-d4e5-415c-9d3e-a6258e9f07e4,Tủ lạnh Inverter Gia Đình 488L,tủ-lạnh-inverter-gia-50d6,tu-lanh,thiet-bi-dien-tu,17000000,11900000.0,98,NEW,0.0,KR,5246,2025-10-28,Không Áp Dụng,Không Áp Dụng,0,vi,Thương Hiệu Thuận Phát,Phiên Bản 741,WHITE,OPEN_BOX,XL,POLYESTER,UNISEX,WINTER
85e8d55c-5718-4ac3-b151-ad17d554d06d,Tủ lạnh Inverter Tiết Kiệm 325L,tủ-lạnh-inverter-tiết-85e8,tu-lanh,thiet-bi-dien-tu,11000000,7699999.999999999,42,SELLING,5.0,CN,5917,2026-05-07,Không Áp Dụng,Không Áp Dụng,0,vi,Thương Hiệu Phúc An,Phiên Bản 167,BLACK,REFURBISHED,S,COTTON,UNISEX,SPRING
441030f8-3ad1-451c-94a2-6fcb54144b73,Tủ lạnh Cửa Lớn 635L,tủ-lạnh-cửa-lớn-4410,tu-lanh,thiet-bi-dien-tu,16000000,11200000.0,61,SELLING,4.9,JP,677,2026-04-25,Không Áp Dụng,Không Áp Dụng,0,vi,Thương Hiệu Hoàng Gia,Phiên Bản 587,GRAY,NEW,M,LEATHER,UNISEX,SPRING
ca7e4b4d-59f7-44b9-8806-fec255302662,Tủ lạnh Mini 180L,tủ-lạnh-mini-180l-ca7e,tu-lanh,thiet-bi-dien-tu,12000000,8400000.0,98,SELLING,5.0,KR,1777,2026-02-14,Không Áp Dụng,Không Áp Dụng,0,vi,Thương Hiệu Phú Cường,Phiên Bản 293,BLUE,OPEN_BOX,L,COTTON,UNISEX,SPRING
90110ddc-2e46-49c1-8709-15c9fbcc2bfd,Tủ lạnh Inverter 253L,tủ-lạnh-inverter-253l-9011,tu-lanh,thiet-bi-dien-tu,12000000,8400000.0,25,SELLING,4.9,US,4957,2025-12-17,Không Áp Dụng,Không Áp Dụng,0,vi,Thương Hiệu Đại Phát,Phiên Bản 481,BLACK,NEW,M,COTTON,UNISEX,AUTUMN
27ea2990-f2b2-4e27-af02-3f88c6ffd934,Máy điều hòa Inverter 1 HP,máy-điều-hòa-inverter-27ea,dieu-hoa,thiet-bi-dien-tu,6000000,4200000.0,61,NEW,0.0,US,5040,2025-12-23,Không Áp Dụng,Không Áp Dụng,0,vi,Thương Hiệu An Tâm,Phiên Bản 698,WHITE,NEW,XL,LEATHER,UNISEX,WINTER
72a53928-1c5f-4119-abb2-d58be06d9b32,Máy điều hòa Tiết Kiệm Điện 1.5 HP,máy-điều-hòa-tiết-72a5,dieu-hoa,thiet-bi-dien-tu,14000000,9800000.0,29,SELLING,4.8,VN,694,2026-01-18,Không Áp Dụng,Không Áp Dụng,0,vi,Thương Hiệu Lộc Phát,Phiên Bản 262,WHITE,REFURBISHED,L,LEATHER,UNISEX,AUTUMN
bc705ae4-e2e1-4d6e-a637-d77c568fa67b,Máy điều hòa Inverter 2 HP,máy-điều-hòa-inverter-bc70,dieu-hoa,thiet-bi-dien-tu,17000000,11900000.0,81,NEW,0.0,VN,5535,2026-05-01,Không Áp Dụng,Không Áp Dụng,0,vi,Thương Hiệu Minh Châu,Phiên Bản 380,WHITE,NEW,M,LEATHER,UNISEX,SPRING
7b146501-62f6-4b67-b40e-9e2a435b907e,Máy điều hòa 1 HP Cao Cấp,máy-điều-hòa-1-7b14,dieu-hoa,thiet-bi-dien-tu,22000000,15399999.999999998,26,NEW,0.0,US,2915,2025-12-16,Không Áp Dụng,Không Áp Dụng,0,vi,Thương Hiệu Phú Hưng,Phiên Bản 249,WHITE,REFURBISHED,L,COTTON,UNISEX,WINTER
ee115147-4324-4eb8-b7f9-360b9b05b3e9,Máy điều hòa 1 HP Siêu Êm,máy-điều-hòa-1-ee11,dieu-hoa,thiet-bi-dien-tu,19000000,13300000.0,97,NEW,0.0,JP,1254,2026-05-04,Không Áp Dụng,Không Áp Dụng,0,vi,Thương Hiệu An Phúc,Phiên Bản 654,WHITE,OPEN_BOX,XL,POLYESTER,UNISEX,WINTER
558b72ba-2484-41ec-b3c1-57f38492524f,Áo thun thể thao Năng Động,áo-thun-thể-thao-558b,ao,thoi-trang-may-mac,1230000,861000.0,84,SELLING,4.6,VN,564,2026-05-14,Không Áp Dụng,Không Áp Dụng,0,vi,Thương Hiệu Bình Minh,Phiên Bản Cơ Bản,GREEN,NEW,XXL,COTTON,MALE,AUTUMN
8feee083-5bf7-4ac6-b783-4a3236985785,Áo khoác gió Chống Nước,áo-khoác-gió-chống-8fee,ao,thoi-trang-may-mac,1200000,840000.0,177,SELLING,4.7,CN,2076,2026-05-22,Không Áp Dụng,Không Áp Dụng,0,vi,Thương Hiệu Đại Lộc,Phiên Bản Cơ Bản,YELLOW,NEW,XL,POLYESTER,MALE,WINTER
145d1e92-be8b-4caa-90ec-db68ecb412f9,Áo sơ mi nam Lịch Lãm,áo-sơ-mi-nam-145d,ao,thoi-trang-may-mac,990000,693000.0,170,SELLING,4.9,VN,3100,2026-04-25,Không Áp Dụng,Không Áp Dụng,0,vi,Thương Hiệu An Phú,Phiên Bản Cơ Bản,GRAY,NEW,XXXL,COTTON,UNISEX,SPRING
2f941e41-9b85-4fa8-bafc-0d0a50538131,Áo phông trơn Cổ Tròn,áo-phông-trơn-cổ-2f94,ao,thoi-trang-may-mac,680000,475999.99999999994,57,SELLING,4.5,VN,951,2025-12-14,Không Áp Dụng,Không Áp Dụng,0,vi,Thương Hiệu Minh Long,Phiên Bản Cơ Bản,GREEN,NEW,M,COTTON,MALE,AUTUMN
6c7c29ec-82fd-40a0-9974-64f13e1d2594,Áo hoodie Nỉ Ấm Áp,áo-hoodie-nỉ-ấm-6c7c,ao,thoi-trang-may-mac,1080000,756000.0,54,SELLING,4.9,CN,2812,2025-12-14,Không Áp Dụng,Không Áp Dụng,0,vi,Thương Hiệu Trí Đức,Phiên Bản Cơ Bản,PINK,NEW,M,POLYESTER,MALE,SUMMER
43d84ab3-a73f-403a-949b-747dee664da7,Áo polo thể thao Năng Động,áo-polo-thể-thao-43d8,ao,thoi-trang-may-mac,720000,503999.99999999994,36,SELLING,4.9,CN,3154,2026-05-04,Không Áp Dụng,Không Áp Dụng,0,vi,Thương Hiệu Bách Khoa,Phiên Bản Cơ Bản,GRAY,NEW,S,COTTON,FEMALE,AUTUMN
7c6e940c-1d07-449d-990d-cf0f7aff94e6,Áo thun trẻ trung,áo-thun-trẻ-trung-7c6e,ao,thoi-trang-may-mac,1780000,1246000.0,159,NEW,0.0,VN,866,2026-04-11,Không Áp Dụng,Không Áp Dụng,0,vi,Thương Hiệu Hồng Đức,Phiên Bản Cơ Bản,GRAY,NEW,L,COTTON,MALE,SUMMER
418a5d5c-7886-49b3-94b9-6a97610bd608,Quần jeans bền bỉ,quần-jeans-bền-bỉ-418a,quan,thoi-trang-may-mac,530000,371000.0,167,SELLING,4.5,VN,2775,2026-05-28,Không Áp Dụng,Không Áp Dụng,0,vi,Thương Hiệu Trường Sơn,Phiên Bản Cơ Bản,PINK,NEW,S,COTTON,MALE,AUTUMN
0cc1e675-621c-4ff2-a3d9-9cfbfe23e945,Quần tây công sở,quần-tây-công-sở-0cc1,quan,thoi-trang-may-mac,330000,230999.99999999997,182,NEW,0.0,BD,427,2026-05-17,Không Áp Dụng,Không Áp Dụng,0,vi,Thương Hiệu Minh Tâm,Phiên Bản Cơ Bản,BLACK,NEW,L,POLYESTER,UNISEX,AUTUMN
252c9a64-3bca-4d80-9832-a8895e569548,Quần jogger thể thao,quần-jogger-thể-thao-252c,quan,thoi-trang-may-mac,1150000,805000.0,32,SELLING,4.6,BD,871,2026-04-20,Không Áp Dụng,Không Áp Dụng,0,vi,Thương Hiệu Đại Nam,Phiên Bản Cơ Bản,RED,NEW,XXL,POLYESTER,FEMALE,AUTUMN
ab959b2a-be6a-41a6-951d-3dbfb6b65177,Quần short năng động,quần-short-năng-động-ab95,quan,thoi-trang-may-mac,1270000,889000.0,122,SELLING,4.6,CN,1287,2025-12-12,Không Áp Dụng,Không Áp Dụng,0,vi,Thương Hiệu Vạn Phúc,Phiên Bản Cơ Bản,YELLOW,NEW,S,COTTON,MALE,AUTUMN
3f101785-7f72-4ce5-8acc-bc91a022d2b1,Quần kaki nam lịch lãm,quần-kaki-nam-lịch-3f10,quan,thoi-trang-may-mac,1060000,742000.0,214,NEW,0.0,VN,1906,2026-03-01,Không Áp Dụng,Không Áp Dụng,0,vi,Thương Hiệu Phúc Lộc,Phiên Bản Cơ Bản,YELLOW,NEW,M,COTTON,MALE,SUMMER
ad88b66b-815e-4851-9858-4d49e3b9b40f,Giày thể thao năng động,giày-thể-thao-năng-ad88,giay,thoi-trang-may-mac,2200000,1540000.0,132,SELLING,5.0,BD,1784,2026-04-04,Không Áp Dụng,Không Áp Dụng,0,vi,Thương Hiệu Thanh Bình,Phiên Bản Cơ Bản,BLUE,NEW,L,LEATHER,UNISEX,SPRING
6b61fbf9-bb84-43a0-895d-c1c58fbe3ed5,Giày chạy bộ êm ái,giày-chạy-bộ-êm-6b61,giay,thoi-trang-may-mac,290000,203000.0,115,SELLING,4.9,VN,545,2026-03-02,Không Áp Dụng,Không Áp Dụng,0,vi,Thương Hiệu Nhật Quang,Phiên Bản Cơ Bản,RED,NEW,S,POLYESTER,FEMALE,SUMMER
231985f4-d337-4d9a-be2e-72c3a979a8de,Giày chạy bộ bền bỉ,giày-chạy-bộ-bền-2319,giay,thoi-trang-may-mac,180000,125999.99999999999,36,SELLING,4.7,VN,535,2026-04-01,Không Áp Dụng,Không Áp Dụng,0,vi,Thương Hiệu Trường Hải,Phiên Bản Cơ Bản,YELLOW,NEW,XL,POLYESTER,UNISEX,WINTER
9f3725d0-7aef-426d-bd81-76cc4b90c567,Xăng đan nam chắc chắn,xăng-đan-nam-chắc-9f37,giay,thoi-trang-may-mac,530000,371000.0,228,NEW,0.0,BD,2913,2026-01-29,Không Áp Dụng,Không Áp Dụng,0,vi,Thương Hiệu Nam Phong,Phiên Bản Cơ Bản,PINK,NEW,M,LEATHER,MALE,SPRING
e4ceefe6-baf2-4037-8b9b-8941cb2011a4,Giày da lịch lãm,giày-da-lịch-lãm-e4ce,giay,thoi-trang-may-mac,1270000,889000.0,74,NEW,0.0,VN,496,2026-03-07,Không Áp Dụng,Không Áp Dụng,0,vi,Thương Hiệu Hưng Thịnh,Phiên Bản Cơ Bản,GRAY,NEW,XL,LEATHER,FEMALE,WINTER
